duration_s,pkts_toserver,pkts_toclient,bytes_toserver,bytes_toclient,pkts_total,bytes_total,pps,bps,avg_pkt_size,pkts_dir_ratio,bytes_dir_ratio,syn_asymmetry,pkts_asymmetry,dir_entropy,server_pps,client_pps,server_bps,client_bps,bytes_per_server_pkt,bytes_per_client_pkt,l4_port_class_src,l4_port_class_dst,is_internal_src,is_internal_dst,pat_int_int,pat_int_ext,pat_ext_int,pat_ext_ext,time_of_day_sin,time_of_day_cos,proto_TCP,proto_UDP,proto_ICMP,tcp_flag_SYN,tcp_flag_ACK,tcp_flag_FIN,tcp_flag_RST,tcp_flag_PSH,tcp_flag_URG,tcp_flag_ECE,tcp_flag_CWR,tcp_handshake_ok,dstp_80,dstp_443,dstp_53,dstp_123,dstp_22,dstp_25,dstp_3389,dstp_445,dstp_5353,dstp_8080,dstp_8000,dstp_other,small_flow_flag,long_flow_flag
63.0,267,168,24,0,435,24,6.904761904761905,3.0476190476190474,0.05517241379310345,1.5892857142857142,24.0,1.0,0.22758620689655173,-0.0,4.238095238095238,2.6666666666666665,3.0476190476190474,0.0,0.0898876404494382,0.0,1,1,0,0,0,0,0,1,0.0,0.0,0,0,0,0,0,0,0,0,0,0,0,0,0,0,0,0,0,0,0,0,0,0,0,1,1,0
48.0,76,126,98,0,202,98,4.208333333333333,16.333333333333332,0.48514851485148514,0.6031746031746031,98.0,1.0,-0.24752475247524752,-0.0,1.5833333333333333,2.625,16.333333333333332,0.0,1.2894736842105263,0.0,1,1,0,0,0,0,0,1,0.0,0.0,0,0,0,0,0,0,0,0,0,0,0,0,0,0,0,0,0,0,0,0,0,0,0,1,1,0
48.0,76,92,64,0,168,64,3.5,10.666666666666666,0.38095238095238093,0.8260869565217391,64.0,1.0,-0.09523809523809523,-0.0,1.5833333333333333,1.9166666666666667,10.666666666666666,0.0,0.8421052631578947,0.0,1,1,0,0,0,0,0,1,0.0,0.0,0,0,0,0,0,0,0,0,0,0,0,0,0,0,0,0,0,0,0,0,0,0,0,1,1,0
48.0,76,104,76,0,180,76,3.75,12.666666666666666,0.4222222222222222,0.7307692307692307,76.0,1.0,-0.15555555555555556,-0.0,1.5833333333333333,2.1666666666666665,12.666666666666666,0.0,1.0,0.0,1,1,0,0,0,0,0,1,0.0,0.0,0,0,0,0,0,0,0,0,0,0,0,0,0,0,0,0,0,0,0,0,0,0,0,1,1,0
1237.0,1461,0,0,0,1461,0,1.1810832659660468,0.0,0.0,1461.0,0.0,0.0,1.0,-0.0,1.1810832659660468,0.0,0.0,0.0,0.0,0.0,1,1,0,0,0,0,0,1,0.0,0.0,0,0,0,0,0,0,0,0,0,0,0,0,0,0,0,0,0,0,0,0,0,0,0,1,1,1
958.0,1294,0,0,0,1294,0,1.350730688935282,0.0,0.0,1294.0,0.0,0.0,1.0,-0.0,1.350730688935282,0.0,0.0,0.0,0.0,0.0,1,1,0,0,0,0,0,1,0.0,0.0,0,0,0,0,0,0,0,0,0,0,0,0,0,0,0,0,0,0,0,0,0,0,0,1,1,1
2008.0,2204,0,0,0,2204,0,1.097609561752988,0.0,0.0,2204.0,0.0,0.0,1.0,-0.0,1.097609561752988,0.0,0.0,0.0,0.0,0.0,1,1,0,0,0,0,0,1,0.0,0.0,0,0,0,0,0,0,0,0,0,0,0,0,0,0,0,0,0,0,0,0,0,0,0,1,1,1
44.0,72,141,113,0,213,113,4.840909090909091,20.545454545454547,0.5305164319248826,0.5106382978723404,113.0,1.0,-0.323943661971831,-0.0,1.6363636363636365,3.2045454545454546,20.545454545454547,0.0,1.5694444444444444,0.0,1,1,0,0,0,0,0,1,0.0,0.0,0,0,0,0,0,0,0,0,0,0,0,0,0,0,0,0,0,0,0,0,0,0,0,1,1,0
44.0,72,252,224,0,324,224,7.363636363636363,40.72727272727273,0.691358024691358,0.2857142857142857,224.0,1.0,-0.5555555555555556,-0.0,1.6363636363636365,5.7272727272727275,40.72727272727273,0.0,3.111111111111111,0.0,1,1,0,0,0,0,0,1,0.0,0.0,0,0,0,0,0,0,0,0,0,0,0,0,0,0,0,0,0,0,0,0,0,0,0,1,1,0
68.0,96,96,68,0,192,68,2.823529411764706,8.0,0.3541666666666667,1.0,68.0,1.0,0.0,-0.0,1.411764705882353,1.411764705882353,8.0,0.0,0.7083333333333334,0.0,1,1,0,0,0,0,0,1,0.0,0.0,0,0,0,0,0,0,0,0,0,0,0,0,0,0,0,0,0,0,0,0,0,0,0,1,1,0
1606.0,1846,0,0,0,1846,0,1.149439601494396,0.0,0.0,1846.0,0.0,0.0,1.0,-0.0,1.149439601494396,0.0,0.0,0.0,0.0,0.0,1,1,0,0,0,0,0,1,0.0,0.0,0,0,0,0,0,0,0,0,0,0,0,0,0,0,0,0,0,0,0,0,0,0,0,1,1,1
102.0,738,579,63,0,1317,63,12.911764705882353,4.9411764705882355,0.04783599088838269,1.2746113989637307,63.0,1.0,0.12072892938496584,-0.0,7.235294117647059,5.676470588235294,4.9411764705882355,0.0,0.08536585365853659,0.0,1,1,0,0,0,0,0,1,0.0,0.0,0,0,0,0,0,0,0,0,0,0,0,0,0,0,0,0,0,0,0,0,0,0,0,1,1,0
102.0,582,495,63,0,1077,63,10.558823529411764,4.9411764705882355,0.0584958217270195,1.1757575757575758,63.0,1.0,0.0807799442896936,-0.0,5.705882352941177,4.852941176470588,4.9411764705882355,0.0,0.10824742268041238,0.0,1,1,0,0,0,0,0,1,0.0,0.0,0,0,0,0,0,0,0,0,0,0,0,0,0,0,0,0,0,0,0,0,0,0,0,1,1,0
102.0,362,195,39,0,557,39,5.46078431372549,3.0588235294117645,0.07001795332136446,1.8564102564102565,39.0,1.0,0.2998204667863555,-0.0,3.549019607843137,1.911764705882353,3.0588235294117645,0.0,0.10773480662983426,0.0,1,1,0,0,0,0,0,1,0.0,0.0,0,0,0,0,0,0,0,0,0,0,0,0,0,0,0,0,0,0,0,0,0,0,0,1,1,0
530.0,642,0,0,0,642,0,1.211320754716981,0.0,0.0,642.0,0.0,0.0,1.0,-0.0,1.211320754716981,0.0,0.0,0.0,0.0,0.0,1,1,0,0,0,0,0,1,0.0,0.0,0,0,0,0,0,0,0,0,0,0,0,0,0,0,0,0,0,0,0,0,0,0,0,1,1,0
0.0,68,0,0,0,68,0,67999999999.99999,0.0,0.0,68.0,0.0,0.0,1.0,-0.0,67999999999.99999,0.0,0.0,0.0,0.0,0.0,1,1,0,0,0,0,0,1,0.0,0.0,0,0,0,0,0,0,0,0,0,0,0,0,0,0,0,0,0,0,0,0,0,0,0,1,1,0
0.0,60,0,0,0,60,0,60000000000.0,0.0,0.0,60.0,0.0,0.0,1.0,-0.0,60000000000.0,0.0,0.0,0.0,0.0,0.0,1,1,0,0,0,0,0,1,0.0,0.0,0,0,0,0,0,0,0,0,0,0,0,0,0,0,0,0,0,0,0,0,0,0,0,1,1,0
0.0,326,0,0,0,326,0,326000000000.0,0.0,0.0,326.0,0.0,0.0,1.0,-0.0,326000000000.0,0.0,0.0,0.0,0.0,0.0,1,1,0,0,0,0,0,1,0.0,0.0,0,0,0,0,0,0,0,0,0,0,0,0,0,0,0,0,0,0,0,0,0,0,0,1,1,0
0.0,326,0,0,0,326,0,326000000000.0,0.0,0.0,326.0,0.0,0.0,1.0,-0.0,326000000000.0,0.0,0.0,0.0,0.0,0.0,1,1,0,0,0,0,0,1,0.0,0.0,0,0,0,0,0,0,0,0,0,0,0,0,0,0,0,0,0,0,0,0,0,0,0,1,1,0
102.0,510,495,63,0,1005,63,9.852941176470589,4.9411764705882355,0.0626865671641791,1.0303030303030303,63.0,1.0,0.014925373134328358,-0.0,5.0,4.852941176470588,4.9411764705882355,0.0,0.12352941176470589,0.0,1,1,0,0,0,0,0,1,0.0,0.0,0,0,0,0,0,0,0,0,0,0,0,0,0,0,0,0,0,0,0,0,0,0,0,1,1,0
0.0,326,0,0,0,326,0,326000000000.0,0.0,0.0,326.0,0.0,0.0,1.0,-0.0,326000000000.0,0.0,0.0,0.0,0.0,0.0,1,1,0,0,0,0,0,1,0.0,0.0,0,0,0,0,0,0,0,0,0,0,0,0,0,0,0,0,0,0,0,0,0,0,0,1,1,0
0.0,57,0,0,0,57,0,57000000000.0,0.0,0.0,57.0,0.0,0.0,1.0,-0.0,57000000000.0,0.0,0.0,0.0,0.0,0.0,1,1,0,0,0,0,0,1,0.0,0.0,0,0,0,0,0,0,0,0,0,0,0,0,0,0,0,0,0,0,0,0,0,0,0,1,1,0
88.0,356,405,189,0,761,189,8.647727272727273,17.181818181818183,0.2483574244415243,0.8790123456790123,189.0,1.0,-0.06438896189224705,-0.0,4.045454545454546,4.6022727272727275,17.181818181818183,0.0,0.5308988764044944,0.0,1,1,0,0,0,0,0,1,0.0,0.0,0,0,0,0,0,0,0,0,0,0,0,0,0,0,0,0,0,0,0,0,0,0,0,1,1,0
0.0,326,0,0,0,326,0,326000000000.0,0.0,0.0,326.0,0.0,0.0,1.0,-0.0,326000000000.0,0.0,0.0,0.0,0.0,0.0,1,1,0,0,0,0,0,1,0.0,0.0,0,0,0,0,0,0,0,0,0,0,0,0,0,0,0,0,0,0,0,0,0,0,0,1,1,0
24.0,128,132,0,0,260,0,10.833333333333334,0.0,0.0,0.9696969696969697,0.0,0.0,-0.015384615384615385,-0.0,5.333333333333333,5.5,0.0,0.0,0.0,0.0,1,1,0,0,0,0,0,1,0.0,0.0,0,0,0,0,0,0,0,0,0,0,0,0,0,0,0,0,0,0,0,0,0,0,0,1,1,0
88.0,456,485,189,0,941,189,10.693181818181818,17.181818181818183,0.20085015940488843,0.9402061855670103,189.0,1.0,-0.030818278427205102,-0.0,5.181818181818182,5.511363636363637,17.181818181818183,0.0,0.4144736842105263,0.0,1,1,0,0,0,0,0,1,0.0,0.0,0,0,0,0,0,0,0,0,0,0,0,0,0,0,0,0,0,0,0,0,0,0,0,1,1,0
0.0,68,0,0,0,68,0,67999999999.99999,0.0,0.0,68.0,0.0,0.0,1.0,-0.0,67999999999.99999,0.0,0.0,0.0,0.0,0.0,1,1,0,0,0,0,0,1,0.0,0.0,0,0,0,0,0,0,0,0,0,0,0,0,0,0,0,0,0,0,0,0,0,0,0,1,1,0
58.0,86,278,250,0,364,250,6.275862068965517,34.48275862068966,0.6868131868131868,0.30935251798561153,250.0,1.0,-0.5274725274725275,-0.0,1.4827586206896552,4.793103448275862,34.48275862068966,0.0,2.9069767441860463,0.0,1,1,0,0,0,0,0,1,0.0,0.0,0,0,0,0,0,0,0,0,0,0,0,0,0,0,0,0,0,0,0,0,0,0,0,1,1,0
58.0,86,422,394,0,508,394,8.758620689655173,54.3448275862069,0.7755905511811023,0.2037914691943128,394.0,1.0,-0.6614173228346457,-0.0,1.4827586206896552,7.275862068965517,54.3448275862069,0.0,4.5813953488372094,0.0,1,1,0,0,0,0,0,1,0.0,0.0,0,0,0,0,0,0,0,0,0,0,0,0,0,0,0,0,0,0,0,0,0,0,0,1,0,0
6993.0,7377,7535,6767,0,14912,6767,2.1324181324181324,7.7414557414557414,0.4537956008583691,0.9790311877903118,6767.0,1.0,-0.01059549356223176,-0.0,1.054912054912055,1.0775060775060774,7.7414557414557414,0.0,0.9173105598481768,0.0,1,1,0,0,0,0,0,1,0.0,0.0,0,0,0,0,0,0,0,0,0,0,0,0,0,0,0,0,0,0,0,0,0,0,0,1,0,1
57.0,85,137,109,0,222,109,3.8947368421052633,15.298245614035087,0.49099099099099097,0.6204379562043796,109.0,1.0,-0.23423423423423423,-0.0,1.4912280701754386,2.4035087719298245,15.298245614035087,0.0,1.2823529411764707,0.0,1,1,0,0,0,0,0,1,0.0,0.0,0,0,0,0,0,0,0,0,0,0,0,0,0,0,0,0,0,0,0,0,0,0,0,1,1,0
57.0,85,149,121,0,234,121,4.105263157894737,16.982456140350877,0.5170940170940171,0.5704697986577181,121.0,1.0,-0.27350427350427353,-0.0,1.4912280701754386,2.6140350877192984,16.982456140350877,0.0,1.423529411764706,0.0,1,1,0,0,0,0,0,1,0.0,0.0,0,0,0,0,0,0,0,0,0,0,0,0,0,0,0,0,0,0,0,0,0,0,0,1,1,0
72.0,100,152,124,0,252,124,3.5,13.777777777777779,0.49206349206349204,0.6578947368421053,124.0,1.0,-0.20634920634920634,-0.0,1.3888888888888888,2.111111111111111,13.777777777777779,0.0,1.24,0.0,1,1,0,0,0,0,0,1,0.0,0.0,0,0,0,0,0,0,0,0,0,0,0,0,0,0,0,0,0,0,0,0,0,0,0,1,1,0
72.0,100,164,136,0,264,136,3.6666666666666665,15.11111111111111,0.5151515151515151,0.6097560975609756,136.0,1.0,-0.24242424242424243,-0.0,1.3888888888888888,2.2777777777777777,15.11111111111111,0.0,1.36,0.0,1,1,0,0,0,0,0,1,0.0,0.0,0,0,0,0,0,0,0,0,0,0,0,0,0,0,0,0,0,0,0,0,0,0,0,1,1,0
54.0,82,98,70,0,180,70,3.3333333333333335,10.37037037037037,0.3888888888888889,0.8367346938775511,70.0,1.0,-0.08888888888888889,-0.0,1.5185185185185186,1.8148148148148149,10.37037037037037,0.0,0.8536585365853658,0.0,1,1,0,0,0,0,0,1,0.0,0.0,0,0,0,0,0,0,0,0,0,0,0,0,0,0,0,0,0,0,0,0,0,0,0,1,1,0
54.0,82,163,135,0,245,135,4.537037037037037,20.0,0.5510204081632653,0.5030674846625767,135.0,1.0,-0.3306122448979592,-0.0,1.5185185185185186,3.0185185185185186,20.0,0.0,1.646341463414634,0.0,1,1,0,0,0,0,0,1,0.0,0.0,0,0,0,0,0,0,0,0,0,0,0,0,0,0,0,0,0,0,0,0,0,0,0,1,1,0
102.0,462,255,39,0,717,39,7.029411764705882,3.0588235294117645,0.05439330543933055,1.811764705882353,39.0,1.0,0.28870292887029286,-0.0,4.529411764705882,2.5,3.0588235294117645,0.0,0.08441558441558442,0.0,1,1,0,0,0,0,0,1,0.0,0.0,0,0,0,0,0,0,0,0,0,0,0,0,0,0,0,0,0,0,0,0,0,0,0,1,1,0
0.0,72,0,0,0,72,0,72000000000.0,0.0,0.0,72.0,0.0,0.0,1.0,-0.0,72000000000.0,0.0,0.0,0.0,0.0,0.0,1,1,0,0,0,0,0,1,0.0,0.0,0,0,0,0,0,0,0,0,0,0,0,0,0,0,0,0,0,0,0,0,0,0,0,1,1,0
0.0,73,0,0,0,73,0,73000000000.0,0.0,0.0,73.0,0.0,0.0,1.0,-0.0,73000000000.0,0.0,0.0,0.0,0.0,0.0,1,1,0,0,0,0,0,1,0.0,0.0,0,0,0,0,0,0,0,0,0,0,0,0,0,0,0,0,0,0,0,0,0,0,0,1,1,0
135.0,279,0,0,0,279,0,2.066666666666667,0.0,0.0,279.0,0.0,0.0,1.0,-0.0,2.066666666666667,0.0,0.0,0.0,0.0,0.0,1,1,0,0,0,0,0,1,0.0,0.0,0,0,0,0,0,0,0,0,0,0,0,0,0,0,0,0,0,0,0,0,0,0,0,1,1,0
54.0,82,159,131,0,241,131,4.462962962962963,19.40740740740741,0.5435684647302904,0.5157232704402516,131.0,1.0,-0.31950207468879666,-0.0,1.5185185185185186,2.9444444444444446,19.40740740740741,0.0,1.5975609756097562,0.0,1,1,0,0,0,0,0,1,0.0,0.0,0,0,0,0,0,0,0,0,0,0,0,0,0,0,0,0,0,0,0,0,0,0,0,1,1,0
54.0,82,147,119,0,229,119,4.2407407407407405,17.62962962962963,0.519650655021834,0.5578231292517006,119.0,1.0,-0.2838427947598253,-0.0,1.5185185185185186,2.7222222222222223,17.62962962962963,0.0,1.451219512195122,0.0,1,1,0,0,0,0,0,1,0.0,0.0,0,0,0,0,0,0,0,0,0,0,0,0,0,0,0,0,0,0,0,0,0,0,0,1,1,0
54.0,82,205,177,0,287,177,5.314814814814815,26.22222222222222,0.6167247386759582,0.4,177.0,1.0,-0.42857142857142855,-0.0,1.5185185185185186,3.7962962962962963,26.22222222222222,0.0,2.158536585365854,0.0,1,1,0,0,0,0,0,1,0.0,0.0,0,0,0,0,0,0,0,0,0,0,0,0,0,0,0,0,0,0,0,0,0,0,0,1,1,0
64.0,92,166,138,0,258,138,4.03125,17.25,0.5348837209302325,0.5542168674698795,138.0,1.0,-0.2868217054263566,-0.0,1.4375,2.59375,17.25,0.0,1.5,0.0,1,1,0,0,0,0,0,1,0.0,0.0,0,0,0,0,0,0,0,0,0,0,0,0,0,0,0,0,0,0,0,0,0,0,0,1,1,0
5937.0,6189,6337,6029,0,12526,6029,2.109819774296783,8.12396833417551,0.481318856777902,0.9766451002051444,6029.0,1.0,-0.01181542391825004,-0.0,1.0424456796361798,1.067374094660603,8.12396833417551,0.0,0.9741476813701729,0.0,1,1,0,0,0,0,0,1,0.0,0.0,0,0,0,0,0,0,0,0,0,0,0,0,0,0,0,0,0,0,0,0,0,0,0,1,0,1
38.0,66,356,328,0,422,328,11.105263157894736,69.05263157894737,0.7772511848341233,0.1853932584269663,328.0,1.0,-0.6872037914691943,-0.0,1.736842105263158,9.368421052631579,69.05263157894737,0.0,4.96969696969697,0.0,1,1,0,0,0,0,0,1,0.0,0.0,0,0,0,0,0,0,0,0,0,0,0,0,0,0,0,0,0,0,0,0,0,0,0,1,0,0
38.0,66,332,304,0,398,304,10.473684210526315,64.0,0.7638190954773869,0.19879518072289157,304.0,1.0,-0.6683417085427136,-0.0,1.736842105263158,8.736842105263158,64.0,0.0,4.606060606060606,0.0,1,1,0,0,0,0,0,1,0.0,0.0,0,0,0,0,0,0,0,0,0,0,0,0,0,0,0,0,0,0,0,0,0,0,0,1,0,0
38.0,66,374,346,0,440,346,11.578947368421053,72.84210526315789,0.7863636363636364,0.17647058823529413,346.0,1.0,-0.7,-0.0,1.736842105263158,9.842105263157896,72.84210526315789,0.0,5.242424242424242,0.0,1,1,0,0,0,0,0,1,0.0,0.0,0,0,0,0,0,0,0,0,0,0,0,0,0,0,0,0,0,0,0,0,0,0,0,1,0,0
50.0,78,152,124,0,230,124,4.6,19.84,0.5391304347826087,0.5131578947368421,124.0,1.0,-0.3217391304347826,-0.0,1.56,3.04,19.84,0.0,1.5897435897435896,0.0,1,1,0,0,0,0,0,1,0.0,0.0,0,0,0,0,0,0,0,0,0,0,0,0,0,0,0,0,0,0,0,0,0,0,0,1,1,0
50.0,78,152,124,0,230,124,4.6,19.84,0.5391304347826087,0.5131578947368421,124.0,1.0,-0.3217391304347826,-0.0,1.56,3.04,19.84,0.0,1.5897435897435896,0.0,1,1,0,0,0,0,0,1,0.0,0.0,0,0,0,0,0,0,0,0,0,0,0,0,0,0,0,0,0,0,0,0,0,0,0,1,1,0
52.0,80,152,124,0,232,124,4.461538461538462,19.076923076923077,0.5344827586206896,0.5263157894736842,124.0,1.0,-0.3103448275862069,-0.0,1.5384615384615385,2.923076923076923,19.076923076923077,0.0,1.55,0.0,1,1,0,0,0,0,0,1,0.0,0.0,0,0,0,0,0,0,0,0,0,0,0,0,0,0,0,0,0,0,0,0,0,0,0,1,1,0
52.0,80,140,112,0,220,112,4.230769230769231,17.23076923076923,0.509090909090909,0.5714285714285714,112.0,1.0,-0.2727272727272727,-0.0,1.5384615384615385,2.6923076923076925,17.23076923076923,0.0,1.4,0.0,1,1,0,0,0,0,0,1,0.0,0.0,0,0,0,0,0,0,0,0,0,0,0,0,0,0,0,0,0,0,0,0,0,0,0,1,1,0
52.0,80,178,150,0,258,150,4.961538461538462,23.076923076923077,0.5813953488372093,0.449438202247191,150.0,1.0,-0.3798449612403101,-0.0,1.5384615384615385,3.423076923076923,23.076923076923077,0.0,1.875,0.0,1,1,0,0,0,0,0,1,0.0,0.0,0,0,0,0,0,0,0,0,0,0,0,0,0,0,0,0,0,0,0,0,0,0,0,1,1,0
52.0,80,189,161,0,269,161,5.173076923076923,24.76923076923077,0.5985130111524164,0.42328042328042326,161.0,1.0,-0.4052044609665427,-0.0,1.5384615384615385,3.6346153846153846,24.76923076923077,0.0,2.0125,0.0,1,1,0,0,0,0,0,1,0.0,0.0,0,0,0,0,0,0,0,0,0,0,0,0,0,0,0,0,0,0,0,0,0,0,0,1,1,0
52.0,80,177,149,0,257,149,4.9423076923076925,22.923076923076923,0.5797665369649806,0.4519774011299435,149.0,1.0,-0.377431906614786,-0.0,1.5384615384615385,3.4038461538461537,22.923076923076923,0.0,1.8625,0.0,1,1,0,0,0,0,0,1,0.0,0.0,0,0,0,0,0,0,0,0,0,0,0,0,0,0,0,0,0,0,0,0,0,0,0,1,1,0
52.0,80,235,207,0,315,207,6.0576923076923075,31.846153846153847,0.6571428571428571,0.3404255319148936,207.0,1.0,-0.49206349206349204,-0.0,1.5384615384615385,4.519230769230769,31.846153846153847,0.0,2.5875,0.0,1,1,0,0,0,0,0,1,0.0,0.0,0,0,0,0,0,0,0,0,0,0,0,0,0,0,0,0,0,0,0,0,0,0,0,1,1,0
64.0,92,166,138,0,258,138,4.03125,17.25,0.5348837209302325,0.5542168674698795,138.0,1.0,-0.2868217054263566,-0.0,1.4375,2.59375,17.25,0.0,1.5,0.0,1,1,0,0,0,0,0,1,0.0,0.0,0,0,0,0,0,0,0,0,0,0,0,0,0,0,0,0,0,0,0,0,0,0,0,1,1,0
59.0,87,161,133,0,248,133,4.203389830508475,18.033898305084747,0.5362903225806451,0.5403726708074534,133.0,1.0,-0.29838709677419356,-0.0,1.4745762711864407,2.7288135593220337,18.033898305084747,0.0,1.528735632183908,0.0,1,1,0,0,0,0,0,1,0.0,0.0,0,0,0,0,0,0,0,0,0,0,0,0,0,0,0,0,0,0,0,0,0,0,0,1,1,0
59.0,87,103,75,0,190,75,3.2203389830508473,10.169491525423728,0.39473684210526316,0.8446601941747572,75.0,1.0,-0.08421052631578947,-0.0,1.4745762711864407,1.7457627118644068,10.169491525423728,0.0,0.8620689655172413,0.0,1,1,0,0,0,0,0,1,0.0,0.0,0,0,0,0,0,0,0,0,0,0,0,0,0,0,0,0,0,0,0,0,0,0,0,1,1,0
59.0,87,161,133,0,248,133,4.203389830508475,18.033898305084747,0.5362903225806451,0.5403726708074534,133.0,1.0,-0.29838709677419356,-0.0,1.4745762711864407,2.7288135593220337,18.033898305084747,0.0,1.528735632183908,0.0,1,1,0,0,0,0,0,1,0.0,0.0,0,0,0,0,0,0,0,0,0,0,0,0,0,0,0,0,0,0,0,0,0,0,0,1,1,0
5156.0,5492,4796,4460,0,10288,4460,1.995345228859581,6.920093095422809,0.4335147744945568,1.1451209341117599,4460.0,1.0,0.06765163297045101,-0.0,1.065166795965865,0.930178432893716,6.920093095422809,0.0,0.8120903131828113,0.0,1,1,0,0,0,0,0,1,0.0,0.0,0,0,0,0,0,0,0,0,0,0,0,0,0,0,0,0,0,0,0,0,0,0,0,1,0,1
2121.0,2633,1198,830,0,3831,830,1.8062234794908063,3.1305987741631305,0.2166536152440616,2.197829716193656,830.0,1.0,0.3745758287653354,-0.0,1.2413955681282414,0.5648279113625648,3.1305987741631305,0.0,0.31522977592100265,0.0,1,1,0,0,0,0,0,1,0.0,0.0,0,0,0,0,0,0,0,0,0,0,0,0,0,0,0,0,0,0,0,0,0,0,0,1,0,1
5851.0,6715,9283,8323,0,15998,8323,2.7342334643650656,11.37993505383695,0.5202525315664458,0.7233652913928686,8323.0,1.0,-0.16052006500812602,-0.0,1.1476670654588959,1.5865663989061698,11.37993505383695,0.0,1.239463886820551,0.0,1,1,0,0,0,0,0,1,0.0,0.0,0,0,0,0,0,0,0,0,0,0,0,0,0,0,0,0,0,0,0,0,0,0,0,1,0,1
140.0,8948,131588,122482,0,140536,122482,1003.8285714285714,6998.971428571429,0.8715346957363238,0.0680001215916345,122482.0,1.0,-0.8726589628280298,-0.0,63.91428571428571,939.9142857142857,6998.971428571429,0.0,13.688198480107287,0.0,1,1,0,0,0,0,0,1,0.0,0.0,0,0,0,0,0,0,0,0,0,0,0,0,0,0,0,0,0,0,0,0,0,0,0,1,0,0
196.0,700,1176,168,0,1876,168,9.571428571428571,6.857142857142857,0.08955223880597014,0.5952380952380952,168.0,1.0,-0.2537313432835821,-0.0,3.5714285714285716,6.0,6.857142857142857,0.0,0.24,0.0,1,1,0,0,0,0,0,1,0.0,0.0,0,0,0,0,0,0,0,0,0,0,0,0,0,0,0,0,0,0,0,0,0,0,0,1,1,0
58.0,162,258,50,0,420,50,7.241379310344827,6.896551724137931,0.11904761904761904,0.627906976744186,50.0,1.0,-0.22857142857142856,-0.0,2.793103448275862,4.448275862068965,6.896551724137931,0.0,0.30864197530864196,0.0,1,1,0,0,0,0,0,1,0.0,0.0,0,0,0,0,0,0,0,0,0,0,0,0,0,0,0,0,0,0,0,0,0,0,0,1,1,0
1.0,288,216,0,0,504,0,504.0,0.0,0.0,1.3333333333333333,0.0,0.0,0.14285714285714285,-0.0,288.0,216.0,0.0,0.0,0.0,0.0,1,1,0,0,0,0,0,1,0.0,0.0,0,0,0,0,0,0,0,0,0,0,0,0,0,0,0,0,0,0,0,0,0,0,0,1,1,0
1253.0,6013,226140,213820,0,232153,213820,185.27773343974462,1365.1715881883479,0.9210305272815772,0.026589723180330767,213820.0,1.0,-0.9481979556585528,-0.0,4.798882681564246,180.47885075818036,1365.1715881883479,0.0,35.5596208215533,0.0,1,1,0,0,0,0,0,1,0.0,0.0,0,0,0,0,0,0,0,0,0,0,0,0,0,0,0,0,0,0,0,0,0,0,0,1,0,1
2887.0,5386,67984,62345,0,73370,62345,25.41392448908902,172.76065119501212,0.8497342237971923,0.07922452341727465,62345.0,1.0,-0.8531824996592613,-0.0,1.8656044336681676,23.548320055420852,172.76065119501212,0.0,11.575380616412922,0.0,1,1,0,0,0,0,0,1,0.0,0.0,0,0,0,0,0,0,0,0,0,0,0,0,0,0,0,0,0,0,0,0,0,0,0,1,0,1
2970.0,5778,4374,2970,0,10152,2970,3.418181818181818,8.0,0.2925531914893617,1.3209876543209877,2970.0,1.0,0.13829787234042554,-0.0,1.9454545454545455,1.4727272727272727,8.0,0.0,0.514018691588785,0.0,1,1,0,0,0,0,0,1,0.0,0.0,0,0,0,0,0,0,0,0,0,0,0,0,0,0,0,0,0,0,0,0,0,0,0,1,0,1
96.0,180,0,0,0,180,0,1.875,0.0,0.0,180.0,0.0,0.0,1.0,-0.0,1.875,0.0,0.0,0.0,0.0,0.0,1,1,0,0,0,0,0,1,0.0,0.0,0,0,0,0,0,0,0,0,0,0,0,0,0,0,0,0,0,0,0,0,0,0,0,1,1,0
25.0,384,420,24,0,804,24,32.16,7.68,0.029850746268656716,0.9142857142857143,24.0,1.0,-0.04477611940298507,-0.0,15.36,16.8,7.68,0.0,0.0625,0.0,1,1,0,0,0,0,0,1,0.0,0.0,0,0,0,0,0,0,0,0,0,0,0,0,0,0,0,0,0,0,0,0,0,0,0,1,1,0
1.0,288,216,0,0,504,0,504.0,0.0,0.0,1.3333333333333333,0.0,0.0,0.14285714285714285,-0.0,288.0,216.0,0.0,0.0,0.0,0.0,1,1,0,0,0,0,0,1,0.0,0.0,0,0,0,0,0,0,0,0,0,0,0,0,0,0,0,0,0,0,0,0,0,0,0,1,1,0
2750.0,6038,20033,15285,0,26071,15285,9.480363636363636,44.46545454545455,0.5862836101415366,0.30140268556881145,15285.0,1.0,-0.5368033447125158,-0.0,2.1956363636363636,7.284727272727273,44.46545454545455,0.0,2.531467373302418,0.0,1,1,0,0,0,0,0,1,0.0,0.0,0,0,0,0,0,0,0,0,0,0,0,0,0,0,0,0,0,0,0,0,0,0,0,1,0,1
215.0,735,720,200,0,1455,200,6.767441860465116,7.441860465116279,0.13745704467353953,1.0208333333333333,200.0,1.0,0.010309278350515464,-0.0,3.4186046511627906,3.3488372093023258,7.441860465116279,0.0,0.272108843537415,0.0,1,1,0,0,0,0,0,1,0.0,0.0,0,0,0,0,0,0,0,0,0,0,0,0,0,0,0,0,0,0,0,0,0,0,0,1,1,0
21961.0,23449,6409,5113,0,29858,5113,1.3595920040071034,1.862574563999818,0.17124388773528032,3.658761117178967,5113.0,1.0,0.5707013195793422,-0.0,1.0677564773917398,0.2918355266153636,1.862574563999818,0.0,0.21804767793935775,0.0,1,1,0,0,0,0,0,1,0.0,0.0,0,0,0,0,0,0,0,0,0,0,0,0,0,0,0,0,0,0,0,0,0,0,0,1,0,1
220.0,360,0,0,0,360,0,1.6363636363636365,0.0,0.0,360.0,0.0,0.0,1.0,-0.0,1.6363636363636365,0.0,0.0,0.0,0.0,0.0,1,1,0,0,0,0,0,1,0.0,0.0,0,0,0,0,0,0,0,0,0,0,0,0,0,0,0,0,0,0,0,0,0,0,0,1,1,0
7056.0,8112,13763,12611,0,21875,12611,3.1001984126984126,14.298185941043084,0.5765028571428571,0.5894063794230909,12611.0,1.0,-0.25833142857142855,-0.0,1.1496598639455782,1.9505385487528344,14.298185941043084,0.0,1.5546104536489151,0.0,1,1,0,0,0,0,0,1,0.0,0.0,0,0,0,0,0,0,0,0,0,0,0,0,0,0,0,0,0,0,0,0,0,0,0,1,0,1
0.0,68,0,0,0,68,0,67999999999.99999,0.0,0.0,68.0,0.0,0.0,1.0,-0.0,67999999999.99999,0.0,0.0,0.0,0.0,0.0,1,1,0,0,0,0,0,1,0.0,0.0,0,0,0,0,0,0,0,0,0,0,0,0,0,0,0,0,0,0,0,0,0,0,0,1,1,0
0.0,326,0,0,0,326,0,326000000000.0,0.0,0.0,326.0,0.0,0.0,1.0,-0.0,326000000000.0,0.0,0.0,0.0,0.0,0.0,1,1,0,0,0,0,0,1,0.0,0.0,0,0,0,0,0,0,0,0,0,0,0,0,0,0,0,0,0,0,0,0,0,0,0,1,1,0
25.0,384,420,24,0,804,24,32.16,7.68,0.029850746268656716,0.9142857142857143,24.0,1.0,-0.04477611940298507,-0.0,15.36,16.8,7.68,0.0,0.0625,0.0,1,1,0,0,0,0,0,1,0.0,0.0,0,0,0,0,0,0,0,0,0,0,0,0,0,0,0,0,0,0,0,0,0,0,0,1,1,0
0.0,326,0,0,0,326,0,326000000000.0,0.0,0.0,326.0,0.0,0.0,1.0,-0.0,326000000000.0,0.0,0.0,0.0,0.0,0.0,1,1,0,0,0,0,0,1,0.0,0.0,0,0,0,0,0,0,0,0,0,0,0,0,0,0,0,0,0,0,0,0,0,0,0,1,1,0
196.0,700,1176,168,0,1876,168,9.571428571428571,6.857142857142857,0.08955223880597014,0.5952380952380952,168.0,1.0,-0.2537313432835821,-0.0,3.5714285714285716,6.0,6.857142857142857,0.0,0.24,0.0,1,1,0,0,0,0,0,1,0.0,0.0,0,0,0,0,0,0,0,0,0,0,0,0,0,0,0,0,0,0,0,0,0,0,0,1,1,0
0.0,326,0,0,0,326,0,326000000000.0,0.0,0.0,326.0,0.0,0.0,1.0,-0.0,326000000000.0,0.0,0.0,0.0,0.0,0.0,1,1,0,0,0,0,0,1,0.0,0.0,0,0,0,0,0,0,0,0,0,0,0,0,0,0,0,0,0,0,0,0,0,0,0,1,1,0
783.0,1286,637,133,0,1923,133,2.4559386973180075,1.3588761174968071,0.06916276651066043,2.0188383045525904,133.0,1.0,0.3374934997399896,-0.0,1.6424010217113665,0.8135376756066411,1.3588761174968071,0.0,0.10342146189735614,0.0,1,1,0,0,0,0,0,1,0.0,0.0,0,0,0,0,0,0,0,0,0,0,0,0,0,0,0,0,0,0,0,0,0,0,0,1,1,1
5076.0,5832,0,0,0,5832,0,1.148936170212766,0.0,0.0,5832.0,0.0,0.0,1.0,-0.0,1.148936170212766,0.0,0.0,0.0,0.0,0.0,1,1,0,0,0,0,0,1,0.0,0.0,0,0,0,0,0,0,0,0,0,0,0,0,0,0,0,0,0,0,0,0,0,0,0,1,1,1
4644.0,5400,0,0,0,5400,0,1.1627906976744187,0.0,0.0,5400.0,0.0,0.0,1.0,-0.0,1.1627906976744187,0.0,0.0,0.0,0.0,0.0,1,1,0,0,0,0,0,1,0.0,0.0,0,0,0,0,0,0,0,0,0,0,0,0,0,0,0,0,0,0,0,0,0,0,0,1,1,1
5076.0,5832,0,0,0,5832,0,1.148936170212766,0.0,0.0,5832.0,0.0,0.0,1.0,-0.0,1.148936170212766,0.0,0.0,0.0,0.0,0.0,1,1,0,0,0,0,0,1,0.0,0.0,0,0,0,0,0,0,0,0,0,0,0,0,0,0,0,0,0,0,0,0,0,0,0,1,1,1
1.0,372,444,24,0,816,24,816.0,192.0,0.029411764705882353,0.8378378378378378,24.0,1.0,-0.08823529411764706,-0.0,372.0,444.0,192.0,0.0,0.06451612903225806,0.0,1,1,0,0,0,0,0,1,0.0,0.0,0,0,0,0,0,0,0,0,0,0,0,0,0,0,0,0,0,0,0,0,0,0,0,1,1,0
1.0,288,216,0,0,504,0,504.0,0.0,0.0,1.3333333333333333,0.0,0.0,0.14285714285714285,-0.0,288.0,216.0,0.0,0.0,0.0,0.0,1,1,0,0,0,0,0,1,0.0,0.0,0,0,0,0,0,0,0,0,0,0,0,0,0,0,0,0,0,0,0,0,0,0,0,1,1,0
3571.0,4371,2850,2122,0,7221,2122,2.0221226547185664,4.753850462055446,0.2938651156349536,1.5336842105263158,2122.0,1.0,0.21063564603240548,-0.0,1.224026883225987,0.7980957714925792,4.753850462055446,0.0,0.4854724319377717,0.0,1,1,0,0,0,0,0,1,0.0,0.0,0,0,0,0,0,0,0,0,0,0,0,0,0,0,0,0,0,0,0,0,0,0,0,1,0,1
1.0,216,312,24,0,528,24,528.0,192.0,0.045454545454545456,0.6923076923076923,24.0,1.0,-0.18181818181818182,-0.0,216.0,312.0,192.0,0.0,0.1111111111111111,0.0,1,1,0,0,0,0,0,1,0.0,0.0,0,0,0,0,0,0,0,0,0,0,0,0,0,0,0,0,0,0,0,0,0,0,0,1,1,0
1.0,216,216,0,0,432,0,432.0,0.0,0.0,1.0,0.0,0.0,0.0,-0.0,216.0,216.0,0.0,0.0,0.0,0.0,1,1,0,0,0,0,0,1,0.0,0.0,0,0,0,0,0,0,0,0,0,0,0,0,0,0,0,0,0,0,0,0,0,0,0,1,1,0
2091.0,2603,1198,830,0,3801,830,1.817790530846485,3.175514108082257,0.21836358852933438,2.172787979966611,830.0,1.0,0.3696395685345962,-0.0,1.244858919177427,0.5729316116690578,3.175514108082257,0.0,0.31886285055704955,0.0,1,1,0,0,0,0,0,1,0.0,0.0,0,0,0,0,0,0,0,0,0,0,0,0,0,0,0,0,0,0,0,0,0,0,0,1,0,1
5400.0,36008,2360588,2241348,0,2396596,2241348,443.8140740740741,3320.5155555555557,0.9352214557647597,0.015253826588968511,2241348.0,1.0,-0.9699507134285461,-0.0,6.668148148148148,437.14592592592595,3320.5155555555557,0.0,62.245834259053545,0.0,1,1,0,0,0,0,0,1,0.0,0.0,0,0,0,0,0,0,0,0,0,0,0,0,0,0,0,0,0,0,0,0,0,0,0,1,0,1
11.0,167,126,22,0,293,22,26.636363636363637,16.0,0.07508532423208192,1.3253968253968254,22.0,1.0,0.13993174061433447,-0.0,15.181818181818182,11.454545454545455,16.0,0.0,0.1317365269461078,0.0,1,1,0,0,0,0,0,1,0.0,0.0,0,0,0,0,0,0,0,0,0,0,0,0,0,0,0,0,0,0,0,0,0,0,0,1,1,0
0.0,153,0,0,0,153,0,153000000000.0,0.0,0.0,153.0,0.0,0.0,1.0,-0.0,153000000000.0,0.0,0.0,0.0,0.0,0.0,1,1,0,0,0,0,0,1,0.0,0.0,0,0,0,0,0,0,0,0,0,0,0,0,0,0,0,0,0,0,0,0,0,0,0,1,1,0
530.0,642,0,0,0,642,0,1.211320754716981,0.0,0.0,642.0,0.0,0.0,1.0,-0.0,1.211320754716981,0.0,0.0,0.0,0.0,0.0,1,1,0,0,0,0,0,1,0.0,0.0,0,0,0,0,0,0,0,0,0,0,0,0,0,0,0,0,0,0,0,0,0,0,0,1,1,0
672.0,784,0,0,0,784,0,1.1666666666666667,0.0,0.0,784.0,0.0,0.0,1.0,-0.0,1.1666666666666667,0.0,0.0,0.0,0.0,0.0,1,1,0,0,0,0,0,1,0.0,0.0,0,0,0,0,0,0,0,0,0,0,0,0,0,0,0,0,0,0,0,0,0,0,0,1,1,1
0.0,57,0,0,0,57,0,57000000000.0,0.0,0.0,57.0,0.0,0.0,1.0,-0.0,57000000000.0,0.0,0.0,0.0,0.0,0.0,1,1,0,0,0,0,0,1,0.0,0.0,0,0,0,0,0,0,0,0,0,0,0,0,0,0,0,0,0,0,0,0,0,0,0,1,1,0
196.0,700,1176,168,0,1876,168,9.571428571428571,6.857142857142857,0.08955223880597014,0.5952380952380952,168.0,1.0,-0.2537313432835821,-0.0,3.5714285714285716,6.0,6.857142857142857,0.0,0.24,0.0,1,1,0,0,0,0,0,1,0.0,0.0,0,0,0,0,0,0,0,0,0,0,0,0,0,0,0,0,0,0,0,0,0,0,0,1,1,0
20306.0,22786,14544,11212,0,37330,11212,1.8383728947109228,4.417216586230671,0.3003482453790517,1.5666941694169416,11212.0,1.0,0.22078757031877846,-0.0,1.1221313897370235,0.7162415049738994,4.417216586230671,0.0,0.49205652593697885,0.0,1,1,0,0,0,0,0,1,0.0,0.0,0,0,0,0,0,0,0,0,0,0,0,0,0,0,0,0,0,0,0,0,0,0,0,1,0,1
6144.0,6768,6459,5883,0,13227,5883,2.15283203125,7.66015625,0.44477205715581764,1.0478402229447283,5883.0,1.0,0.023361306418689044,-0.0,1.1015625,1.05126953125,7.66015625,0.0,0.8692375886524822,0.0,1,1,0,0,0,0,0,1,0.0,0.0,0,0,0,0,0,0,0,0,0,0,0,0,0,0,0,0,0,0,0,0,0,0,0,1,0,1
2127.0,2551,1559,1187,0,4110,1187,1.9322990126939352,4.464503996238834,0.2888077858880779,1.6363053239255934,1187.0,1.0,0.2413625304136253,-0.0,1.1993417959567465,0.7329572167371885,4.464503996238834,0.0,0.4653077224617797,0.0,1,1,0,0,0,0,0,1,0.0,0.0,0,0,0,0,0,0,0,0,0,0,0,0,0,0,0,0,0,0,0,0,0,0,0,1,0,1
0.0,68,0,0,0,68,0,67999999999.99999,0.0,0.0,68.0,0.0,0.0,1.0,-0.0,67999999999.99999,0.0,0.0,0.0,0.0,0.0,1,1,0,0,0,0,0,1,0.0,0.0,0,0,0,0,0,0,0,0,0,0,0,0,0,0,0,0,0,0,0,0,0,0,0,1,1,0
196.0,700,1176,168,0,1876,168,9.571428571428571,6.857142857142857,0.08955223880597014,0.5952380952380952,168.0,1.0,-0.2537313432835821,-0.0,3.5714285714285716,6.0,6.857142857142857,0.0,0.24,0.0,1,1,0,0,0,0,0,1,0.0,0.0,0,0,0,0,0,0,0,0,0,0,0,0,0,0,0,0,0,0,0,0,0,0,0,1,1,0
2712.0,3188,1233,861,0,4421,861,1.6301622418879056,2.5398230088495577,0.1947523184799819,2.5855636658556365,861.0,1.0,0.44220764532911105,-0.0,1.1755162241887906,0.45464601769911506,2.5398230088495577,0.0,0.27007528230865746,0.0,1,1,0,0,0,0,0,1,0.0,0.0,0,0,0,0,0,0,0,0,0,0,0,0,0,0,0,0,0,0,0,0,0,0,0,1,0,1
0.0,326,0,0,0,326,0,326000000000.0,0.0,0.0,326.0,0.0,0.0,1.0,-0.0,326000000000.0,0.0,0.0,0.0,0.0,0.0,1,1,0,0,0,0,0,1,0.0,0.0,0,0,0,0,0,0,0,0,0,0,0,0,0,0,0,0,0,0,0,0,0,0,0,1,1,0
